Blocco,Ordine,ID Progetto,Indirizzo,Impresa,Tempo cumulato (s),Parte,Link Google Maps,Ultima,Descrizione
1,1,528372,via Pescarotto  35131 Padova ( PD ),CEV SpA,0,1,"=HYPERLINK(""https://www.google.com/maps/dir/45.4148438%2C11.8971935/45.4078548%2C11.90821/45.4094223%2C11.8801858/45.4074091%2C11.879131/45.4297674%2C11.8880823/45.4334827%2C11.8890065/45.4365789%2C11.882154/45.4179278%2C11.8661518/45.4153583%2C11.8707347/45.45227089999999%2C11.889748"", ""Blocco 3 Parte 1"")",,
1,2,529262,Via Turazza  35128 Padova ( PD ),Ballan Costruzioni srl,1443,1,"=HYPERLINK(""https://www.google.com/maps/dir/45.4148438%2C11.8971935/45.4078548%2C11.90821/45.4094223%2C11.8801858/45.4074091%2C11.879131/45.4297674%2C11.8880823/45.4334827%2C11.8890065/45.4365789%2C11.882154/45.4179278%2C11.8661518/45.4153583%2C11.8707347/45.45227089999999%2C11.889748"", ""Blocco 3 Parte 1"")",,
1,3,540351,Via Cassan  35121 Padova ( PD ),Bassetto Costruzioni srl; Pesce Costruzioni srl,3104,1,"=HYPERLINK(""https://www.google.com/maps/dir/45.4148438%2C11.8971935/45.4078548%2C11.90821/45.4094223%2C11.8801858/45.4074091%2C11.879131/45.4297674%2C11.8880823/45.4334827%2C11.8890065/45.4365789%2C11.882154/45.4179278%2C11.8661518/45.4153583%2C11.8707347/45.45227089999999%2C11.889748"", ""Blocco 3 Parte 1"")",,
1,4,519031,Via degli Zabarella  35121 Padova ( PD ),Carron SpA,4913,1,"=HYPERLINK(""https://www.google.com/maps/dir/45.4148438%2C11.8971935/45.4078548%2C11.90821/45.4094223%2C11.8801858/45.4074091%2C11.879131/45.4297674%2C11.8880823/45.4334827%2C11.8890065/45.4365789%2C11.882154/45.4179278%2C11.8661518/45.4153583%2C11.8707347/45.45227089999999%2C11.889748"", ""Blocco 3 Parte 1"")",,
1,5,443862,Via T.Aspetti 259  35134 Padova ( PD ),Cons. Stabile Conpat scarl; GeDi Group SpA; Taddei Spa,6963,1,"=HYPERLINK(""https://www.google.com/maps/dir/45.4148438%2C11.8971935/45.4078548%2C11.90821/45.4094223%2C11.8801858/45.4074091%2C11.879131/45.4297674%2C11.8880823/45.4334827%2C11.8890065/45.4365789%2C11.882154/45.4179278%2C11.8661518/45.4153583%2C11.8707347/45.45227089999999%2C11.889748"", ""Blocco 3 Parte 1"")",,
1,6,523358,Via Moretto da Brescia   35134 Padova ( PD ),Unyon Consorzio Stabile scarl,8291,1,"=HYPERLINK(""https://www.google.com/maps/dir/45.4148438%2C11.8971935/45.4078548%2C11.90821/45.4094223%2C11.8801858/45.4074091%2C11.879131/45.4297674%2C11.8880823/45.4334827%2C11.8890065/45.4365789%2C11.882154/45.4179278%2C11.8661518/45.4153583%2C11.8707347/45.45227089999999%2C11.889748"", ""Blocco 3 Parte 1"")",,
1,7,371374,Via del Giglio  35100 Padova ( PD ),San Lorenzo Invest srl,9756,1,"=HYPERLINK(""https://www.google.com/maps/dir/45.4148438%2C11.8971935/45.4078548%2C11.90821/45.4094223%2C11.8801858/45.4074091%2C11.879131/45.4297674%2C11.8880823/45.4334827%2C11.8890065/45.4365789%2C11.882154/45.4179278%2C11.8661518/45.4153583%2C11.8707347/45.45227089999999%2C11.889748"", ""Blocco 3 Parte 1"")",,
1,8,534241,Via Sarpi 130  35138 Padova ( PD ),Bosco Costruzioni srl,11371,1,"=HYPERLINK(""https://www.google.com/maps/dir/45.4148438%2C11.8971935/45.4078548%2C11.90821/45.4094223%2C11.8801858/45.4074091%2C11.879131/45.4297674%2C11.8880823/45.4334827%2C11.8890065/45.4365789%2C11.882154/45.4179278%2C11.8661518/45.4153583%2C11.8707347/45.45227089999999%2C11.889748"", ""Blocco 3 Parte 1"")",,
1,9,528520,Via San Giovanni di Verdara  35020 Padova ( PD ),Rosso srl; integrato,12855,1,"=HYPERLINK(""https://www.google.com/maps/dir/45.4148438%2C11.8971935/45.4078548%2C11.90821/45.4094223%2C11.8801858/45.4074091%2C11.879131/45.4297674%2C11.8880823/45.4334827%2C11.8890065/45.4365789%2C11.882154/45.4179278%2C11.8661518/45.4153583%2C11.8707347/45.45227089999999%2C11.889748"", ""Blocco 3 Parte 1"")",,
1,10,523909,Via Roma 25  35010 Vigodarzere ( PD ),Sicom Srl,14964,1,"=HYPERLINK(""https://www.google.com/maps/dir/45.4148438%2C11.8971935/45.4078548%2C11.90821/45.4094223%2C11.8801858/45.4074091%2C11.879131/45.4297674%2C11.8880823/45.4334827%2C11.8890065/45.4365789%2C11.882154/45.4179278%2C11.8661518/45.4153583%2C11.8707347/45.45227089999999%2C11.889748"", ""Blocco 3 Parte 1"")",,
1,11,514439,fr. Mejaniga  35010 Cadoneghe ( PD ),Furlan Costruzioni srl,16309,2,"=HYPERLINK(""https://www.google.com/maps/dir/45.4542321%2C11.9013505/45.3640416%2C11.9099118/45.3616573%2C11.9374784/45.3497754%2C11.8819131/45.3458096%2C11.8721954/45.3496869%2C11.847716/45.3369134%2C11.9034182"", ""Blocco 3 Parte 2"")",,
1,12,459540,Via Cavour  35020 Ponte San Nicolò ( PD ),Galiazzo Fratelli Costruzioni srl,18501,2,"=HYPERLINK(""https://www.google.com/maps/dir/45.4542321%2C11.9013505/45.3640416%2C11.9099118/45.3616573%2C11.9374784/45.3497754%2C11.8819131/45.3458096%2C11.8721954/45.3496869%2C11.847716/45.3369134%2C11.9034182"", ""Blocco 3 Parte 2"")",,
1,13,488911,Via San Francesco  35020 Ponte San Nicolò ( PD ),Scapin Costruzioni srl,20130,2,"=HYPERLINK(""https://www.google.com/maps/dir/45.4542321%2C11.9013505/45.3640416%2C11.9099118/45.3616573%2C11.9374784/45.3497754%2C11.8819131/45.3458096%2C11.8721954/45.3496869%2C11.847716/45.3369134%2C11.9034182"", ""Blocco 3 Parte 2"")",,
1,14,529055,Via Torino  35020 Albignasego ( PD ),CPR srl + LG Costruzioni srl,21998,2,"=HYPERLINK(""https://www.google.com/maps/dir/45.4542321%2C11.9013505/45.3640416%2C11.9099118/45.3616573%2C11.9374784/45.3497754%2C11.8819131/45.3458096%2C11.8721954/45.3496869%2C11.847716/45.3369134%2C11.9034182"", ""Blocco 3 Parte 2"")",,
1,15,527815,Via Milano  35020 Albignasego ( PD ),Immobiliare Barison Srl,23315,2,"=HYPERLINK(""https://www.google.com/maps/dir/45.4542321%2C11.9013505/45.3640416%2C11.9099118/45.3616573%2C11.9374784/45.3497754%2C11.8819131/45.3458096%2C11.8721954/45.3496869%2C11.847716/45.3369134%2C11.9034182"", ""Blocco 3 Parte 2"")",,
1,16,509281,Via Manzoni   35020 Albignasego ( PD ),Aquarius Immobiliare srl,24763,2,"=HYPERLINK(""https://www.google.com/maps/dir/45.4542321%2C11.9013505/45.3640416%2C11.9099118/45.3616573%2C11.9374784/45.3497754%2C11.8819131/45.3458096%2C11.8721954/45.3496869%2C11.847716/45.3369134%2C11.9034182"", ""Blocco 3 Parte 2"")",ultima azienda da visitare,
1,17,511389,Via Risorgimento  35020 Albignasego ( PD ),New Costruzioni srl,26497,2,"=HYPERLINK(""https://www.google.com/maps/dir/45.4542321%2C11.9013505/45.3640416%2C11.9099118/45.3616573%2C11.9374784/45.3497754%2C11.8819131/45.3458096%2C11.8721954/45.3496869%2C11.847716/45.3369134%2C11.9034182"", ""Blocco 3 Parte 2"")",ultima azienda da visitare,
2,1,521922,V.lo G. Visentin  35020 Albignasego ( PD ),Valverde Imm.re srl,0,1,"=HYPERLINK(""https://www.google.com/maps/dir/45.3139501%2C11.9481531/45.2901419%2C12.0275577/45.3035289%2C12.0352019/45.2922868%2C12.0345921/45.2749243%2C12.0754167/45.1399718%2C12.085654/45.2111481%2C11.8335549/45.2150113%2C11.7594241/45.2444178%2C11.7429146/45.3263901%2C11.7902316"", ""Blocco 4 Parte 1"")",,
2,2,534158,Loc. Via Claudio Rossi  35028 Piove di Sacco ( PD ),Eurocostruzioni srl,1901,1,"=HYPERLINK(""https://www.google.com/maps/dir/45.3139501%2C11.9481531/45.2901419%2C12.0275577/45.3035289%2C12.0352019/45.2922868%2C12.0345921/45.2749243%2C12.0754167/45.1399718%2C12.085654/45.2111481%2C11.8335549/45.2150113%2C11.7594241/45.2444178%2C11.7429146/45.3263901%2C11.7902316"", ""Blocco 4 Parte 1"")",,
2,3,534196,Via D'Annunzio  35028 Piove di Sacco ( PD ),Beni Immobiliari srl,3440,1,"=HYPERLINK(""https://www.google.com/maps/dir/45.3139501%2C11.9481531/45.2901419%2C12.0275577/45.3035289%2C12.0352019/45.2922868%2C12.0345921/45.2749243%2C12.0754167/45.1399718%2C12.085654/45.2111481%2C11.8335549/45.2150113%2C11.7594241/45.2444178%2C11.7429146/45.3263901%2C11.7902316"", ""Blocco 4 Parte 1"")",,
2,4,505109,Via San Francesco  35028 Piove di Sacco ( PD ),Lasa F.lli Nata srl,4926,1,"=HYPERLINK(""https://www.google.com/maps/dir/45.3139501%2C11.9481531/45.2901419%2C12.0275577/45.3035289%2C12.0352019/45.2922868%2C12.0345921/45.2749243%2C12.0754167/45.1399718%2C12.085654/45.2111481%2C11.8335549/45.2150113%2C11.7594241/45.2444178%2C11.7429146/45.3263901%2C11.7902316"", ""Blocco 4 Parte 1"")",,
2,5,468109,Via Don Lorenzo Milani  35020 Arzergrande ( PD ),Edil Ciemme srl,6621,1,"=HYPERLINK(""https://www.google.com/maps/dir/45.3139501%2C11.9481531/45.2901419%2C12.0275577/45.3035289%2C12.0352019/45.2922868%2C12.0345921/45.2749243%2C12.0754167/45.1399718%2C12.085654/45.2111481%2C11.8335549/45.2150113%2C11.7594241/45.2444178%2C11.7429146/45.3263901%2C11.7902316"", ""Blocco 4 Parte 1"")",,
2,6,478145,Via Cavour  30014 Cavarzere ( VE ),Capogruppo ATI; Erre Costruzioni srl; Sogedico srl; integrato; integrato aggiudicato alle imprese segnalate riunite in ATI.,9056,1,"=HYPERLINK(""https://www.google.com/maps/dir/45.3139501%2C11.9481531/45.2901419%2C12.0275577/45.3035289%2C12.0352019/45.2922868%2C12.0345921/45.2749243%2C12.0754167/45.1399718%2C12.085654/45.2111481%2C11.8335549/45.2150113%2C11.7594241/45.2444178%2C11.7429146/45.3263901%2C11.7902316"", ""Blocco 4 Parte 1"")",,
2,7,523874,P.za Martiri della Libertà 6  35020 Tribano ( PD ),Battistella Costruzioni srl,11807,1,"=HYPERLINK(""https://www.google.com/maps/dir/45.3139501%2C11.9481531/45.2901419%2C12.0275577/45.3035289%2C12.0352019/45.2922868%2C12.0345921/45.2749243%2C12.0754167/45.1399718%2C12.085654/45.2111481%2C11.8335549/45.2150113%2C11.7594241/45.2444178%2C11.7429146/45.3263901%2C11.7902316"", ""Blocco 4 Parte 1"")",,
2,8,535705,Via San Bortolo  35043 Monselice ( PD ),Battistella Costruzioni srl,13505,1,"=HYPERLINK(""https://www.google.com/maps/dir/45.3139501%2C11.9481531/45.2901419%2C12.0275577/45.3035289%2C12.0352019/45.2922868%2C12.0345921/45.2749243%2C12.0754167/45.1399718%2C12.085654/45.2111481%2C11.8335549/45.2150113%2C11.7594241/45.2444178%2C11.7429146/45.3263901%2C11.7902316"", ""Blocco 4 Parte 1"")",,
2,9,525345,Via San Leopoldo Mandic  35012 Camposampiero ( PD ),Immobiliare Rialto srl,15192,1,"=HYPERLINK(""https://www.google.com/maps/dir/45.3139501%2C11.9481531/45.2901419%2C12.0275577/45.3035289%2C12.0352019/45.2922868%2C12.0345921/45.2749243%2C12.0754167/45.1399718%2C12.085654/45.2111481%2C11.8335549/45.2150113%2C11.7594241/45.2444178%2C11.7429146/45.3263901%2C11.7902316"", ""Blocco 4 Parte 1"")",,
2,10,534239,Via Manzoni  35036 Montegrotto Terme ( PD ),Bosco Costruzioni srl,17339,1,"=HYPERLINK(""https://www.google.com/maps/dir/45.3139501%2C11.9481531/45.2901419%2C12.0275577/45.3035289%2C12.0352019/45.2922868%2C12.0345921/45.2749243%2C12.0754167/45.1399718%2C12.085654/45.2111481%2C11.8335549/45.2150113%2C11.7594241/45.2444178%2C11.7429146/45.3263901%2C11.7902316"", ""Blocco 4 Parte 1"")",,
2,11,509372,Via Armando Diaz 62  35031 Abano Terme ( PD ),Frizzarin Carlo srl,19125,2,"=HYPERLINK(""https://www.google.com/maps/dir/45.362302%2C11.7939847/45.3852811%2C11.7905623/45.3904355%2C11.7624383/45.4150499%2C11.8096818/45.4199515%2C11.8062447/45.4262382%2C11.7937858"", ""Blocco 4 Parte 2"")",,
2,12,525281,Via Turchia  35030 Selvazzano Dentro ( PD ),Coeb Costruzioni srl,20826,2,"=HYPERLINK(""https://www.google.com/maps/dir/45.362302%2C11.7939847/45.3852811%2C11.7905623/45.3904355%2C11.7624383/45.4150499%2C11.8096818/45.4199515%2C11.8062447/45.4262382%2C11.7937858"", ""Blocco 4 Parte 2"")",,
2,13,537876,Loc. Montecchia - v.lo Collodi  35030 Saccolongo ( PD ),ASA Costruzioni Padova srl,22387,2,"=HYPERLINK(""https://www.google.com/maps/dir/45.362302%2C11.7939847/45.3852811%2C11.7905623/45.3904355%2C11.7624383/45.4150499%2C11.8096818/45.4199515%2C11.8062447/45.4262382%2C11.7937858"", ""Blocco 4 Parte 2"")",,
2,14,534242,Via Monti 7  35030 Selvazzano Dentro ( PD ),Bosco Costruzioni srl,24200,2,"=HYPERLINK(""https://www.google.com/maps/dir/45.362302%2C11.7939847/45.3852811%2C11.7905623/45.3904355%2C11.7624383/45.4150499%2C11.8096818/45.4199515%2C11.8062447/45.4262382%2C11.7937858"", ""Blocco 4 Parte 2"")",,
2,15,521926,Via Dante  35030 Selvazzano Dentro ( PD ),Cedri Immobiliare srl,25526,2,"=HYPERLINK(""https://www.google.com/maps/dir/45.362302%2C11.7939847/45.3852811%2C11.7905623/45.3904355%2C11.7624383/45.4150499%2C11.8096818/45.4199515%2C11.8062447/45.4262382%2C11.7937858"", ""Blocco 4 Parte 2"")",ultima azienda da visitare,
2,16,534851,via Miacche  35030 Rubano ( PD ),EB Costruzioni srl,26916,2,"=HYPERLINK(""https://www.google.com/maps/dir/45.362302%2C11.7939847/45.3852811%2C11.7905623/45.3904355%2C11.7624383/45.4150499%2C11.8096818/45.4199515%2C11.8062447/45.4262382%2C11.7937858"", ""Blocco 4 Parte 2"")",ultima azienda da visitare,
3,1,533810,via Verdi  47035 Gambettola ( FC ),Gruppo Ritmo srl,0,1,"=HYPERLINK(""https://www.google.com/maps/dir/44.1200924%2C12.3332156/44.1590669%2C12.4448064/44.148853%2C12.4595989/44.1179331%2C12.4921134/44.0604613%2C12.4577732/44.0543759%2C12.439147/44.0686715%2C12.4332105/44.0539434%2C12.5631793/44.048514%2C12.5939322/44.0420413%2C12.6038936"", ""Blocco 11 Parte 1"")",,
3,2,539779,Via Ravenna ang. Via Savio   47814 Bellaria-Igea Marina ( RN ),Moma srl,2143,1,"=HYPERLINK(""https://www.google.com/maps/dir/44.1200924%2C12.3332156/44.1590669%2C12.4448064/44.148853%2C12.4595989/44.1179331%2C12.4921134/44.0604613%2C12.4577732/44.0543759%2C12.439147/44.0686715%2C12.4332105/44.0539434%2C12.5631793/44.048514%2C12.5939322/44.0420413%2C12.6038936"", ""Blocco 11 Parte 1"")",,
3,3,518049,Via Caduti per la libertà 16  47814 Bellaria-Igea Marina ( RN ),Tosi Immobiliare,3596,1,"=HYPERLINK(""https://www.google.com/maps/dir/44.1200924%2C12.3332156/44.1590669%2C12.4448064/44.148853%2C12.4595989/44.1179331%2C12.4921134/44.0604613%2C12.4577732/44.0543759%2C12.439147/44.0686715%2C12.4332105/44.0539434%2C12.5631793/44.048514%2C12.5939322/44.0420413%2C12.6038936"", ""Blocco 11 Parte 1"")",,
3,4,534558,Via G. Garibaldi snc  47814 Bellaria-Igea Marina ( RN ),Due Laghi srl,5225,1,"=HYPERLINK(""https://www.google.com/maps/dir/44.1200924%2C12.3332156/44.1590669%2C12.4448064/44.148853%2C12.4595989/44.1179331%2C12.4921134/44.0604613%2C12.4577732/44.0543759%2C12.439147/44.0686715%2C12.4332105/44.0539434%2C12.5631793/44.048514%2C12.5939322/44.0420413%2C12.6038936"", ""Blocco 11 Parte 1"")",,
3,5,490196,Via Europa  47822 Santarcangelo di Romagna ( RN ),FLP Costruzioni srl,7084,1,"=HYPERLINK(""https://www.google.com/maps/dir/44.1200924%2C12.3332156/44.1590669%2C12.4448064/44.148853%2C12.4595989/44.1179331%2C12.4921134/44.0604613%2C12.4577732/44.0543759%2C12.439147/44.0686715%2C12.4332105/44.0539434%2C12.5631793/44.048514%2C12.5939322/44.0420413%2C12.6038936"", ""Blocco 11 Parte 1"")",,
3,6,532474,Via Ugo La Malfa  47822 Santarcangelo di Romagna ( RN ),Immobiliare Borgo Spina srl,8582,1,"=HYPERLINK(""https://www.google.com/maps/dir/44.1200924%2C12.3332156/44.1590669%2C12.4448064/44.148853%2C12.4595989/44.1179331%2C12.4921134/44.0604613%2C12.4577732/44.0543759%2C12.439147/44.0686715%2C12.4332105/44.0539434%2C12.5631793/44.048514%2C12.5939322/44.0420413%2C12.6038936"", ""Blocco 11 Parte 1"")",,
3,7,455789,Via Costa 106  47822 Santarcangelo di Romagna ( RN ),Zanon Prefabbricati,10097,1,"=HYPERLINK(""https://www.google.com/maps/dir/44.1200924%2C12.3332156/44.1590669%2C12.4448064/44.148853%2C12.4595989/44.1179331%2C12.4921134/44.0604613%2C12.4577732/44.0543759%2C12.439147/44.0686715%2C12.4332105/44.0539434%2C12.5631793/44.048514%2C12.5939322/44.0420413%2C12.6038936"", ""Blocco 11 Parte 1"")",,
3,8,527249,Via Orione  47923 Rimini ( RN ),Genius srl,12521,1,"=HYPERLINK(""https://www.google.com/maps/dir/44.1200924%2C12.3332156/44.1590669%2C12.4448064/44.148853%2C12.4595989/44.1179331%2C12.4921134/44.0604613%2C12.4577732/44.0543759%2C12.439147/44.0686715%2C12.4332105/44.0539434%2C12.5631793/44.048514%2C12.5939322/44.0420413%2C12.6038936"", ""Blocco 11 Parte 1"")",,
3,9,520908,via Buonamici - via Gravina  47924 Rimini ( RN ),Mar Bell srl,14312,1,"=HYPERLINK(""https://www.google.com/maps/dir/44.1200924%2C12.3332156/44.1590669%2C12.4448064/44.148853%2C12.4595989/44.1179331%2C12.4921134/44.0604613%2C12.4577732/44.0543759%2C12.439147/44.0686715%2C12.4332105/44.0539434%2C12.5631793/44.048514%2C12.5939322/44.0420413%2C12.6038936"", ""Blocco 11 Parte 1"")",,
3,10,521511,V.le Siracusa  47924 Rimini ( RN ),Oasi srl,15833,1,"=HYPERLINK(""https://www.google.com/maps/dir/44.1200924%2C12.3332156/44.1590669%2C12.4448064/44.148853%2C12.4595989/44.1179331%2C12.4921134/44.0604613%2C12.4577732/44.0543759%2C12.439147/44.0686715%2C12.4332105/44.0539434%2C12.5631793/44.048514%2C12.5939322/44.0420413%2C12.6038936"", ""Blocco 11 Parte 1"")",,
3,11,521477,Via Marconi 11   47924 Rimini ( RN ),Modulo Costruzioni,17246,2,"=HYPERLINK(""https://www.google.com/maps/dir/44.0337265%2C12.6159917/44.0077449%2C12.6269914/43.9968934%2C12.6479424/43.99267%2C12.6623023/43.9574958%2C12.7311146/43.966014%2C12.7426751"", ""Blocco 11 Parte 2"")",,
3,12,498532,V.le Piemonte  47838 Riccione ( RN ),Sorgente srl,18851,2,"=HYPERLINK(""https://www.google.com/maps/dir/44.0337265%2C12.6159917/44.0077449%2C12.6269914/43.9968934%2C12.6479424/43.99267%2C12.6623023/43.9574958%2C12.7311146/43.966014%2C12.7426751"", ""Blocco 11 Parte 2"")",,
3,13,529152,via Circonvallazione 6  47838 Riccione ( RN ),Massari Group srl,20359,2,"=HYPERLINK(""https://www.google.com/maps/dir/44.0337265%2C12.6159917/44.0077449%2C12.6269914/43.9968934%2C12.6479424/43.99267%2C12.6623023/43.9574958%2C12.7311146/43.966014%2C12.7426751"", ""Blocco 11 Parte 2"")",,
3,14,447227,Via Bergamo  47838 Riccione ( RN ),I Platani srl; integrato aggiudicato all'impresa segnalata che ha indicato i,21715,2,"=HYPERLINK(""https://www.google.com/maps/dir/44.0337265%2C12.6159917/44.0077449%2C12.6269914/43.9968934%2C12.6479424/43.99267%2C12.6623023/43.9574958%2C12.7311146/43.966014%2C12.7426751"", ""Blocco 11 Parte 2"")",,
3,15,537074,Via Allende 101  47841 Cattolica ( RN ),Rocar Costruzioni srl,23614,2,"=HYPERLINK(""https://www.google.com/maps/dir/44.0337265%2C12.6159917/44.0077449%2C12.6269914/43.9968934%2C12.6479424/43.99267%2C12.6623023/43.9574958%2C12.7311146/43.966014%2C12.7426751"", ""Blocco 11 Parte 2"")",,
3,16,523747,Via Risorgimento 25  47841 Cattolica ( RN ),Sartori Costruzioni srl,25122,2,"=HYPERLINK(""https://www.google.com/maps/dir/44.0337265%2C12.6159917/44.0077449%2C12.6269914/43.9968934%2C12.6479424/43.99267%2C12.6623023/43.9574958%2C12.7311146/43.966014%2C12.7426751"", ""Blocco 11 Parte 2"")",ultima azienda da visitare,
4,1,525186,Via Zini  41123 Modena ( MO ),Classe Immobiliare srl,0,1,"=HYPERLINK(""https://www.google.com/maps/dir/44.6627115%2C10.8878308/44.6248705%2C10.8420252/44.5799229%2C10.8447998/44.5263024%2C10.8666834/44.5220991%2C10.8743849/44.50715960000001%2C10.8729908/44.5323597%2C10.8966423/44.5309723%2C10.8412998/44.5395794%2C10.8128343/44.5400508%2C10.7824231"", ""Blocco 7 Parte 1"")",,
4,2,505539,Str. Corletto Sud 237  41123 Modena ( MO ),VF Costruzioni e Restauri srl,1782,1,"=HYPERLINK(""https://www.google.com/maps/dir/44.6627115%2C10.8878308/44.6248705%2C10.8420252/44.5799229%2C10.8447998/44.5263024%2C10.8666834/44.5220991%2C10.8743849/44.50715960000001%2C10.8729908/44.5323597%2C10.8966423/44.5309723%2C10.8412998/44.5395794%2C10.8128343/44.5400508%2C10.7824231"", ""Blocco 7 Parte 1"")",,
4,3,497909,Via Focherini  41043 Formigine ( MO ),Frascari Ferruccio SpA,3459,1,"=HYPERLINK(""https://www.google.com/maps/dir/44.6627115%2C10.8878308/44.6248705%2C10.8420252/44.5799229%2C10.8447998/44.5263024%2C10.8666834/44.5220991%2C10.8743849/44.50715960000001%2C10.8729908/44.5323597%2C10.8966423/44.5309723%2C10.8412998/44.5395794%2C10.8128343/44.5400508%2C10.7824231"", ""Blocco 7 Parte 1"")",,
4,4,536388,Via Virginia Woolf  41053 Maranello ( MO ),Home Immobili srl; assegnato + San Giacomo srl,5271,1,"=HYPERLINK(""https://www.google.com/maps/dir/44.6627115%2C10.8878308/44.6248705%2C10.8420252/44.5799229%2C10.8447998/44.5263024%2C10.8666834/44.5220991%2C10.8743849/44.50715960000001%2C10.8729908/44.5323597%2C10.8966423/44.5309723%2C10.8412998/44.5395794%2C10.8128343/44.5400508%2C10.7824231"", ""Blocco 7 Parte 1"")",,
4,5,531654,Via Elsa Morante  41053 Maranello ( MO ),Immobiliare Le Querce srl,6632,1,"=HYPERLINK(""https://www.google.com/maps/dir/44.6627115%2C10.8878308/44.6248705%2C10.8420252/44.5799229%2C10.8447998/44.5263024%2C10.8666834/44.5220991%2C10.8743849/44.50715960000001%2C10.8729908/44.5323597%2C10.8966423/44.5309723%2C10.8412998/44.5395794%2C10.8128343/44.5400508%2C10.7824231"", ""Blocco 7 Parte 1"")",,
4,6,463397,Via Cappella 109  41053 Maranello ( MO ),CME Consorzio Imprenditori Edili s.coop.,8034,1,"=HYPERLINK(""https://www.google.com/maps/dir/44.6627115%2C10.8878308/44.6248705%2C10.8420252/44.5799229%2C10.8447998/44.5263024%2C10.8666834/44.5220991%2C10.8743849/44.50715960000001%2C10.8729908/44.5323597%2C10.8966423/44.5309723%2C10.8412998/44.5395794%2C10.8128343/44.5400508%2C10.7824231"", ""Blocco 7 Parte 1"")",,
4,7,527082,Via Frattini  41053 Maranello ( MO ),Progetto Edile srl,9603,1,"=HYPERLINK(""https://www.google.com/maps/dir/44.6627115%2C10.8878308/44.6248705%2C10.8420252/44.5799229%2C10.8447998/44.5263024%2C10.8666834/44.5220991%2C10.8743849/44.50715960000001%2C10.8729908/44.5323597%2C10.8966423/44.5309723%2C10.8412998/44.5395794%2C10.8128343/44.5400508%2C10.7824231"", ""Blocco 7 Parte 1"")",,
4,8,530206,Via Pertini  41042 Fiorano Modenese ( MO ),Arcadia Immobiliare srl,11297,1,"=HYPERLINK(""https://www.google.com/maps/dir/44.6627115%2C10.8878308/44.6248705%2C10.8420252/44.5799229%2C10.8447998/44.5263024%2C10.8666834/44.5220991%2C10.8743849/44.50715960000001%2C10.8729908/44.5323597%2C10.8966423/44.5309723%2C10.8412998/44.5395794%2C10.8128343/44.5400508%2C10.7824231"", ""Blocco 7 Parte 1"")",,
4,9,535755,Via Silvio Pellico 6  41042 Fiorano Modenese ( MO ),Edifica srl,12834,1,"=HYPERLINK(""https://www.google.com/maps/dir/44.6627115%2C10.8878308/44.6248705%2C10.8420252/44.5799229%2C10.8447998/44.5263024%2C10.8666834/44.5220991%2C10.8743849/44.50715960000001%2C10.8729908/44.5323597%2C10.8966423/44.5309723%2C10.8412998/44.5395794%2C10.8128343/44.5400508%2C10.7824231"", ""Blocco 7 Parte 1"")",,
4,10,504053,Via Fenuzzi   41049 Sassuolo ( MO ),Acea Costruzioni SpA,14631,1,"=HYPERLINK(""https://www.google.com/maps/dir/44.6627115%2C10.8878308/44.6248705%2C10.8420252/44.5799229%2C10.8447998/44.5263024%2C10.8666834/44.5220991%2C10.8743849/44.50715960000001%2C10.8729908/44.5323597%2C10.8966423/44.5309723%2C10.8412998/44.5395794%2C10.8128343/44.5400508%2C10.7824231"", ""Blocco 7 Parte 1"")",,
4,11,534235,V.le della Repubblica   42019 Scandiano ( RE ),Cooperativa Edilizia San Martino; Poldo srl,16762,2,"=HYPERLINK(""https://www.google.com/maps/dir/44.5961361%2C10.6974956/44.6044038%2C10.6373517/44.6047809%2C10.6362867/44.62577960000001%2C10.4262981/44.7292565%2C10.3935586/44.7613676%2C10.3761713"", ""Blocco 7 Parte 2"")",,
4,12,526171,Via Ariosto  42020 Albinea ( RE ),Andria s.coop.rl,18446,2,"=HYPERLINK(""https://www.google.com/maps/dir/44.5961361%2C10.6974956/44.6044038%2C10.6373517/44.6047809%2C10.6362867/44.62577960000001%2C10.4262981/44.7292565%2C10.3935586/44.7613676%2C10.3761713"", ""Blocco 7 Parte 2"")",,
4,13,530136,Via Giulio Mattioli  42020 Albinea ( RE ),F&F Costruzioni Generali,19721,2,"=HYPERLINK(""https://www.google.com/maps/dir/44.5961361%2C10.6974956/44.6044038%2C10.6373517/44.6047809%2C10.6362867/44.62577960000001%2C10.4262981/44.7292565%2C10.3935586/44.7613676%2C10.3761713"", ""Blocco 7 Parte 2"")",,
4,14,522784,Via S.Matteo 55  42020 San Polo d'Enza ( RE ),Edil F.lli Leto snc,22512,2,"=HYPERLINK(""https://www.google.com/maps/dir/44.5961361%2C10.6974956/44.6044038%2C10.6373517/44.6047809%2C10.6362867/44.62577960000001%2C10.4262981/44.7292565%2C10.3935586/44.7613676%2C10.3761713"", ""Blocco 7 Parte 2"")",,
4,15,534381,Via Basse - Monticelli terme  43022 Montechiarugolo ( PR ),Sercal Costruzioni srl,24952,2,"=HYPERLINK(""https://www.google.com/maps/dir/44.5961361%2C10.6974956/44.6044038%2C10.6373517/44.6047809%2C10.6362867/44.62577960000001%2C10.4262981/44.7292565%2C10.3935586/44.7613676%2C10.3761713"", ""Blocco 7 Parte 2"")",ultima azienda da visitare,
4,16,502430,Str. del Lazzaretto  43123 Parma ( PR ),Buozzi & C. Costruzioni srl,26594,2,"=HYPERLINK(""https://www.google.com/maps/dir/44.5961361%2C10.6974956/44.6044038%2C10.6373517/44.6047809%2C10.6362867/44.62577960000001%2C10.4262981/44.7292565%2C10.3935586/44.7613676%2C10.3761713"", ""Blocco 7 Parte 2"")",ultima azienda da visitare,
5,1,496671,Via Verga 2  44047 Terre del Reno ( FE ),Medil srl Costruzioni Generali,0,1,"=HYPERLINK(""https://www.google.com/maps/dir/44.8019071%2C11.4133937/44.6993844%2C11.408515/44.6450687%2C11.3681995/44.6762477%2C11.2955451/44.7306825%2C11.2910966/44.7608024%2C11.2872967/44.6595848%2C11.1456225/44.666801%2C11.1252383/44.593983%2C11.052136/44.6390804%2C10.9504702"", ""Blocco 6 Parte 1"")",,
5,2,526893,Via Forlì  40018 San Pietro in Casale ( BO ),SEI Sistemi Edili Integrati srl,2255,1,"=HYPERLINK(""https://www.google.com/maps/dir/44.8019071%2C11.4133937/44.6993844%2C11.408515/44.6450687%2C11.3681995/44.6762477%2C11.2955451/44.7306825%2C11.2910966/44.7608024%2C11.2872967/44.6595848%2C11.1456225/44.666801%2C11.1252383/44.593983%2C11.052136/44.6390804%2C10.9504702"", ""Blocco 6 Parte 1"")",,
5,3,522684,Via Pietro Mennea 1/3  40016 San Giorgio di Piano ( BO ),Schibuola Costruzioni srl,4095,1,"=HYPERLINK(""https://www.google.com/maps/dir/44.8019071%2C11.4133937/44.6993844%2C11.408515/44.6450687%2C11.3681995/44.6762477%2C11.2955451/44.7306825%2C11.2910966/44.7608024%2C11.2872967/44.6595848%2C11.1456225/44.666801%2C11.1252383/44.593983%2C11.052136/44.6390804%2C10.9504702"", ""Blocco 6 Parte 1"")",,
5,4,503806,Via Gandolfi  40050 Castello d'Argile ( BO ),Merighi srl,5970,1,"=HYPERLINK(""https://www.google.com/maps/dir/44.8019071%2C11.4133937/44.6993844%2C11.408515/44.6450687%2C11.3681995/44.6762477%2C11.2955451/44.7306825%2C11.2910966/44.7608024%2C11.2872967/44.6595848%2C11.1456225/44.666801%2C11.1252383/44.593983%2C11.052136/44.6390804%2C10.9504702"", ""Blocco 6 Parte 1"")",,
5,5,461433,Via C. Breveglieri 2/2  44042 Cento ( FE ),Attiva Costruzioni srl; Cires Società Cooperativa; Consorzio Integra Società Cooperativa,8062,1,"=HYPERLINK(""https://www.google.com/maps/dir/44.8019071%2C11.4133937/44.6993844%2C11.408515/44.6450687%2C11.3681995/44.6762477%2C11.2955451/44.7306825%2C11.2910966/44.7608024%2C11.2872967/44.6595848%2C11.1456225/44.666801%2C11.1252383/44.593983%2C11.052136/44.6390804%2C10.9504702"", ""Blocco 6 Parte 1"")",,
5,6,512015,via Col di Lana  44042 Cento ( FE ),Tassi Group Holding srl,9895,1,"=HYPERLINK(""https://www.google.com/maps/dir/44.8019071%2C11.4133937/44.6993844%2C11.408515/44.6450687%2C11.3681995/44.6762477%2C11.2955451/44.7306825%2C11.2910966/44.7608024%2C11.2872967/44.6595848%2C11.1456225/44.666801%2C11.1252383/44.593983%2C11.052136/44.6390804%2C10.9504702"", ""Blocco 6 Parte 1"")",,
5,7,495903,Via Saragat  40019 Sant'Agata Bolognese ( BO ),Edilcraft srl,12350,1,"=HYPERLINK(""https://www.google.com/maps/dir/44.8019071%2C11.4133937/44.6993844%2C11.408515/44.6450687%2C11.3681995/44.6762477%2C11.2955451/44.7306825%2C11.2910966/44.7608024%2C11.2872967/44.6595848%2C11.1456225/44.666801%2C11.1252383/44.593983%2C11.052136/44.6390804%2C10.9504702"", ""Blocco 6 Parte 1"")",,
5,8,517297,Via Mavora  40019 Sant'Agata Bolognese ( BO ),Scandia Costruzioni srl,13745,1,"=HYPERLINK(""https://www.google.com/maps/dir/44.8019071%2C11.4133937/44.6993844%2C11.408515/44.6450687%2C11.3681995/44.6762477%2C11.2955451/44.7306825%2C11.2910966/44.7608024%2C11.2872967/44.6595848%2C11.1456225/44.666801%2C11.1252383/44.593983%2C11.052136/44.6390804%2C10.9504702"", ""Blocco 6 Parte 1"")",,
5,9,490161,Via Zanasi 60  41013 Castelfranco Emilia ( MO ),Capogruppo ATI; Mei Tecnologie e Costruzioni srl,15797,1,"=HYPERLINK(""https://www.google.com/maps/dir/44.8019071%2C11.4133937/44.6993844%2C11.408515/44.6450687%2C11.3681995/44.6762477%2C11.2955451/44.7306825%2C11.2910966/44.7608024%2C11.2872967/44.6595848%2C11.1456225/44.666801%2C11.1252383/44.593983%2C11.052136/44.6390804%2C10.9504702"", ""Blocco 6 Parte 1"")",,
5,10,536434,Str. Saliceto Panaro  41122 Modena ( MO ),Costruzioni Iris srl,17931,1,"=HYPERLINK(""https://www.google.com/maps/dir/44.8019071%2C11.4133937/44.6993844%2C11.408515/44.6450687%2C11.3681995/44.6762477%2C11.2955451/44.7306825%2C11.2910966/44.7608024%2C11.2872967/44.6595848%2C11.1456225/44.666801%2C11.1252383/44.593983%2C11.052136/44.6390804%2C10.9504702"", ""Blocco 6 Parte 1"")",,
5,11,524175,Via Campi 213  41125 Modena ( MO ),CGA Costruzioni Generali Appennino srl; Capogruppo ATI,19297,2,"=HYPERLINK(""https://www.google.com/maps/dir/44.6320838%2C10.9435508/44.6371595%2C10.9387389/44.6307743%2C10.925118/44.6469567%2C10.9237794/44.6542744%2C10.9396493/44.6573172%2C10.9279091"", ""Blocco 6 Parte 2"")",,
5,12,517255,via Moreali 245  41124 Modena ( MO ),Safim srl,20698,2,"=HYPERLINK(""https://www.google.com/maps/dir/44.6320838%2C10.9435508/44.6371595%2C10.9387389/44.6307743%2C10.925118/44.6469567%2C10.9237794/44.6542744%2C10.9396493/44.6573172%2C10.9279091"", ""Blocco 6 Parte 2"")",,
5,13,518716,Via Udine  41125 Modena ( MO ),Aspen srl,22222,2,"=HYPERLINK(""https://www.google.com/maps/dir/44.6320838%2C10.9435508/44.6371595%2C10.9387389/44.6307743%2C10.925118/44.6469567%2C10.9237794/44.6542744%2C10.9396493/44.6573172%2C10.9279091"", ""Blocco 6 Parte 2"")",,
5,14,454307,Via S.Eufemia 25  41121 Modena ( MO ),AEC Costruzioni srl,23960,2,"=HYPERLINK(""https://www.google.com/maps/dir/44.6320838%2C10.9435508/44.6371595%2C10.9387389/44.6307743%2C10.925118/44.6469567%2C10.9237794/44.6542744%2C10.9396493/44.6573172%2C10.9279091"", ""Blocco 6 Parte 2"")",,
5,15,469977,Via Nonantolana 221  41122 Modena ( MO ),ArCo Lavori s.coop.consortile; VF Costruzioni e Restauri Srl + Scientia srl,25767,2,"=HYPERLINK(""https://www.google.com/maps/dir/44.6320838%2C10.9435508/44.6371595%2C10.9387389/44.6307743%2C10.925118/44.6469567%2C10.9237794/44.6542744%2C10.9396493/44.6573172%2C10.9279091"", ""Blocco 6 Parte 2"")",ultima azienda da visitare,
5,16,504244,via Benassi  41122 Modena ( MO ),Morbio Costruzioni SpA,27206,2,"=HYPERLINK(""https://www.google.com/maps/dir/44.6320838%2C10.9435508/44.6371595%2C10.9387389/44.6307743%2C10.925118/44.6469567%2C10.9237794/44.6542744%2C10.9396493/44.6573172%2C10.9279091"", ""Blocco 6 Parte 2"")",ultima azienda da visitare,
6,1,527851,V.lo Fanio Soligo  31040 Volpago del Montello ( TV ),Martini Costruzioni Generali srl,0,1,"=HYPERLINK(""https://www.google.com/maps/dir/45.7812966%2C12.1238488/45.6761345%2C12.1105713/45.680538%2C12.1032363/45.6707217%2C12.2346754/45.6669338%2C12.2430608/45.671255%2C12.2483292/45.6971092%2C12.2608561/45.6619779%2C12.2695878/45.5762861%2C12.2451871/45.5107111%2C12.2447528"", ""Blocco 2 Parte 1"")",,
6,2,524717,Via Mons. Vincenzo Milani  31036 Istrana ( TV ),Marchesin snc,2406,1,"=HYPERLINK(""https://www.google.com/maps/dir/45.7812966%2C12.1238488/45.6761345%2C12.1105713/45.680538%2C12.1032363/45.6707217%2C12.2346754/45.6669338%2C12.2430608/45.671255%2C12.2483292/45.6971092%2C12.2608561/45.6619779%2C12.2695878/45.5762861%2C12.2451871/45.5107111%2C12.2447528"", ""Blocco 2 Parte 1"")",,
6,3,540140,Via Mons. Luigi Antonello   31036 Istrana ( TV ),Immobiliare Stemarc sas,3785,1,"=HYPERLINK(""https://www.google.com/maps/dir/45.7812966%2C12.1238488/45.6761345%2C12.1105713/45.680538%2C12.1032363/45.6707217%2C12.2346754/45.6669338%2C12.2430608/45.671255%2C12.2483292/45.6971092%2C12.2608561/45.6619779%2C12.2695878/45.5762861%2C12.2451871/45.5107111%2C12.2447528"", ""Blocco 2 Parte 1"")",,
6,4,529613,v.le Monfenera  31100 Treviso ( TV ),Cecchin srl,5997,1,"=HYPERLINK(""https://www.google.com/maps/dir/45.7812966%2C12.1238488/45.6761345%2C12.1105713/45.680538%2C12.1032363/45.6707217%2C12.2346754/45.6669338%2C12.2430608/45.671255%2C12.2483292/45.6971092%2C12.2608561/45.6619779%2C12.2695878/45.5762861%2C12.2451871/45.5107111%2C12.2447528"", ""Blocco 2 Parte 1"")",,
6,5,529728,Sant'Antonino  31100 Treviso ( TV ),Cecchin srl,7348,1,"=HYPERLINK(""https://www.google.com/maps/dir/45.7812966%2C12.1238488/45.6761345%2C12.1105713/45.680538%2C12.1032363/45.6707217%2C12.2346754/45.6669338%2C12.2430608/45.671255%2C12.2483292/45.6971092%2C12.2608561/45.6619779%2C12.2695878/45.5762861%2C12.2451871/45.5107111%2C12.2447528"", ""Blocco 2 Parte 1"")",,
6,6,534724,Via Montello 33  31100 Treviso ( TV ),Tesser Costruzioni srl,8896,1,"=HYPERLINK(""https://www.google.com/maps/dir/45.7812966%2C12.1238488/45.6761345%2C12.1105713/45.680538%2C12.1032363/45.6707217%2C12.2346754/45.6669338%2C12.2430608/45.671255%2C12.2483292/45.6971092%2C12.2608561/45.6619779%2C12.2695878/45.5762861%2C12.2451871/45.5107111%2C12.2447528"", ""Blocco 2 Parte 1"")",,
6,7,529564,via Lancenigo  31100 Treviso ( TV ),Frattin Costruzioni srl,10500,1,"=HYPERLINK(""https://www.google.com/maps/dir/45.7812966%2C12.1238488/45.6761345%2C12.1105713/45.680538%2C12.1032363/45.6707217%2C12.2346754/45.6669338%2C12.2430608/45.671255%2C12.2483292/45.6971092%2C12.2608561/45.6619779%2C12.2695878/45.5762861%2C12.2451871/45.5107111%2C12.2447528"", ""Blocco 2 Parte 1"")",,
6,8,534672,Fr. Fiera  31100 Treviso ( TV ),Tesser Costruzioni srl,12295,1,"=HYPERLINK(""https://www.google.com/maps/dir/45.7812966%2C12.1238488/45.6761345%2C12.1105713/45.680538%2C12.1032363/45.6707217%2C12.2346754/45.6669338%2C12.2430608/45.671255%2C12.2483292/45.6971092%2C12.2608561/45.6619779%2C12.2695878/45.5762861%2C12.2451871/45.5107111%2C12.2447528"", ""Blocco 2 Parte 1"")",,
6,9,521195,Via Bianchi  31021 Mogliano Veneto ( TV ),Finmac srl,14456,1,"=HYPERLINK(""https://www.google.com/maps/dir/45.7812966%2C12.1238488/45.6761345%2C12.1105713/45.680538%2C12.1032363/45.6707217%2C12.2346754/45.6669338%2C12.2430608/45.671255%2C12.2483292/45.6971092%2C12.2608561/45.6619779%2C12.2695878/45.5762861%2C12.2451871/45.5107111%2C12.2447528"", ""Blocco 2 Parte 1"")",,
6,10,464989,Via Tinto  30174 Venezia ( VE ),Suninvest SpA,16261,1,"=HYPERLINK(""https://www.google.com/maps/dir/45.7812966%2C12.1238488/45.6761345%2C12.1105713/45.680538%2C12.1032363/45.6707217%2C12.2346754/45.6669338%2C12.2430608/45.671255%2C12.2483292/45.6971092%2C12.2608561/45.6619779%2C12.2695878/45.5762861%2C12.2451871/45.5107111%2C12.2447528"", ""Blocco 2 Parte 1"")",,
6,11,500955,Q.re. San Liberale  31100 Treviso ( TV ),Capogruppo ATI; Ecis Global srl; Mini Costruzioni Srl,18160,2,"=HYPERLINK(""https://www.google.com/maps/dir/45.5494774%2C12.3366256/45.4343206%2C12.3258343/45.4226426%2C11.9159623/45.4229999%2C11.9062735/45.4166199%2C11.8966671"", ""Blocco 2 Parte 2"")",,
6,12,363618,Sestiere Dorsoduro 2209  30123 Venezia ( VE ),Errico Costruzioni srl,21098,2,"=HYPERLINK(""https://www.google.com/maps/dir/45.5494774%2C12.3366256/45.4343206%2C12.3258343/45.4226426%2C11.9159623/45.4229999%2C11.9062735/45.4166199%2C11.8966671"", ""Blocco 2 Parte 2"")",,
6,13,507834,Via Arco di Giano  35129 Padova ( PD ),Industrie Edili SpA,24257,2,"=HYPERLINK(""https://www.google.com/maps/dir/45.5494774%2C12.3366256/45.4343206%2C12.3258343/45.4226426%2C11.9159623/45.4229999%2C11.9062735/45.4166199%2C11.8966671"", ""Blocco 2 Parte 2"")",,
6,14,535483,loc. Mortise  35129 Padova ( PD ),San Lorenzo Invest srl,25685,2,"=HYPERLINK(""https://www.google.com/maps/dir/45.5494774%2C12.3366256/45.4343206%2C12.3258343/45.4226426%2C11.9159623/45.4229999%2C11.9062735/45.4166199%2C11.8966671"", ""Blocco 2 Parte 2"")",ultima azienda da visitare,
6,15,527825,Via Orlandini 10  35131 Padova ( PD ),Ruffato Mario srl,27219,2,"=HYPERLINK(""https://www.google.com/maps/dir/45.5494774%2C12.3366256/45.4343206%2C12.3258343/45.4226426%2C11.9159623/45.4229999%2C11.9062735/45.4166199%2C11.8966671"", ""Blocco 2 Parte 2"")",ultima azienda da visitare,
7,1,541348,Via Erberto Carboni  43123 Parma ( PR ),La Torre srl,0,1,"=HYPERLINK(""https://www.google.com/maps/dir/44.7788223%2C10.3670603/44.781875%2C10.356819/44.79237%2C10.3507052/44.8023183%2C10.3503157/44.7997812%2C10.3191568/44.7821984%2C10.2999403/44.825244%2C10.211905/44.8154328%2C10.1608759/44.81658849999999%2C9.9945036/44.8530971%2C9.8720214"", ""Blocco 8 Parte 1"")",,
7,2,502432,Via Budellungo Est  43123 Parma ( PR ),Immobiliare Farnese srl,1374,1,"=HYPERLINK(""https://www.google.com/maps/dir/44.7788223%2C10.3670603/44.781875%2C10.356819/44.79237%2C10.3507052/44.8023183%2C10.3503157/44.7997812%2C10.3191568/44.7821984%2C10.2999403/44.825244%2C10.211905/44.8154328%2C10.1608759/44.81658849999999%2C9.9945036/44.8530971%2C9.8720214"", ""Blocco 8 Parte 1"")",,
7,3,520085,via Cassio Parmense  43123 Parma ( PR ),Impresa ing.Marchesini srl,2807,1,"=HYPERLINK(""https://www.google.com/maps/dir/44.7788223%2C10.3670603/44.781875%2C10.356819/44.79237%2C10.3507052/44.8023183%2C10.3503157/44.7997812%2C10.3191568/44.7821984%2C10.2999403/44.825244%2C10.211905/44.8154328%2C10.1608759/44.81658849999999%2C9.9945036/44.8530971%2C9.8720214"", ""Blocco 8 Parte 1"")",,
7,4,498898,Via del Garda 8  43123 Parma ( PR ),Cams Servizi Edili srl; Capogruppo ATI,4321,1,"=HYPERLINK(""https://www.google.com/maps/dir/44.7788223%2C10.3670603/44.781875%2C10.356819/44.79237%2C10.3507052/44.8023183%2C10.3503157/44.7997812%2C10.3191568/44.7821984%2C10.2999403/44.825244%2C10.211905/44.8154328%2C10.1608759/44.81658849999999%2C9.9945036/44.8530971%2C9.8720214"", ""Blocco 8 Parte 1"")",,
7,5,498895,Via B.go San Giuseppe 32  43125 Parma ( PR ),Cams Servizi Edili srl; Capogruppo ATI; F.lli B System Srl,6037,1,"=HYPERLINK(""https://www.google.com/maps/dir/44.7788223%2C10.3670603/44.781875%2C10.356819/44.79237%2C10.3507052/44.8023183%2C10.3503157/44.7997812%2C10.3191568/44.7821984%2C10.2999403/44.825244%2C10.211905/44.8154328%2C10.1608759/44.81658849999999%2C9.9945036/44.8530971%2C9.8720214"", ""Blocco 8 Parte 1"")",,
7,6,530550,Via Caduti di Nassrya  43126 Parma ( PR ),Bucci SpA,7656,1,"=HYPERLINK(""https://www.google.com/maps/dir/44.7788223%2C10.3670603/44.781875%2C10.356819/44.79237%2C10.3507052/44.8023183%2C10.3503157/44.7997812%2C10.3191568/44.7821984%2C10.2999403/44.825244%2C10.211905/44.8154328%2C10.1608759/44.81658849999999%2C9.9945036/44.8530971%2C9.8720214"", ""Blocco 8 Parte 1"")",,
7,7,476035,Loc. Castelguelfo  43010 Fontevivo ( PR ),Scaramuzza Fabrizio srl,9532,1,"=HYPERLINK(""https://www.google.com/maps/dir/44.7788223%2C10.3670603/44.781875%2C10.356819/44.79237%2C10.3507052/44.8023183%2C10.3503157/44.7997812%2C10.3191568/44.7821984%2C10.2999403/44.825244%2C10.211905/44.8154328%2C10.1608759/44.81658849999999%2C9.9945036/44.8530971%2C9.8720214"", ""Blocco 8 Parte 1"")",,
7,8,541249,Via Formica (ex c.d.1)   43015 Noceto ( PR ),Rgm New srl,11148,1,"=HYPERLINK(""https://www.google.com/maps/dir/44.7788223%2C10.3670603/44.781875%2C10.356819/44.79237%2C10.3507052/44.8023183%2C10.3503157/44.7997812%2C10.3191568/44.7821984%2C10.2999403/44.825244%2C10.211905/44.8154328%2C10.1608759/44.81658849999999%2C9.9945036/44.8530971%2C9.8720214"", ""Blocco 8 Parte 1"")",,
7,9,496599,Via R. Livatino 2  43039 Salsomaggiore Terme ( PR ),Renato Monica srl; integrato,13683,1,"=HYPERLINK(""https://www.google.com/maps/dir/44.7788223%2C10.3670603/44.781875%2C10.356819/44.79237%2C10.3507052/44.8023183%2C10.3503157/44.7997812%2C10.3191568/44.7821984%2C10.2999403/44.825244%2C10.211905/44.8154328%2C10.1608759/44.81658849999999%2C9.9945036/44.8530971%2C9.8720214"", ""Blocco 8 Parte 1"")",,
7,10,524785,Via Ricostruzione  29014 Castell'Arquato ( PC ),Quattoli Giacomo Costruzioni Edili srl,16358,1,"=HYPERLINK(""https://www.google.com/maps/dir/44.7788223%2C10.3670603/44.781875%2C10.356819/44.79237%2C10.3507052/44.8023183%2C10.3503157/44.7997812%2C10.3191568/44.7821984%2C10.2999403/44.825244%2C10.211905/44.8154328%2C10.1608759/44.81658849999999%2C9.9945036/44.8530971%2C9.8720214"", ""Blocco 8 Parte 1"")",,
7,11,531347,Via De Andrè  29010 Pontenure ( PC ),Camia Costruzioni srl,18991,2,"=HYPERLINK(""https://www.google.com/maps/dir/44.994085%2C9.7827163/45.0300347%2C9.7138525/45.0588439%2C9.6945459/44.916505%2C9.5936689/44.613644%2C10.2612933"", ""Blocco 8 Parte 2"")",,
7,12,479436,PEEP Q.re Farnesiana  29122 Piacenza ( PC ),BeGen Infrastrutture srl,20947,2,"=HYPERLINK(""https://www.google.com/maps/dir/44.994085%2C9.7827163/45.0300347%2C9.7138525/45.0588439%2C9.6945459/44.916505%2C9.5936689/44.613644%2C10.2612933"", ""Blocco 8 Parte 2"")",,
7,13,500595,Via Card.Maculani  29100 Piacenza ( PC ),Housingest Network Srl,22791,2,"=HYPERLINK(""https://www.google.com/maps/dir/44.994085%2C9.7827163/45.0300347%2C9.7138525/45.0588439%2C9.6945459/44.916505%2C9.5936689/44.613644%2C10.2612933"", ""Blocco 8 Parte 2"")",,
7,14,517989,Via del Pereto  29029 Rivergaro ( PC ),Tibulli Costruzioni srl,25553,2,"=HYPERLINK(""https://www.google.com/maps/dir/44.994085%2C9.7827163/45.0300347%2C9.7138525/45.0588439%2C9.6945459/44.916505%2C9.5936689/44.613644%2C10.2612933"", ""Blocco 8 Parte 2"")",,
7,15,528103,via Don Orsi  43013 Langhirano ( PR ),Chiastra & Pattera Costruzioni srl,25553,2,"=HYPERLINK(""https://www.google.com/maps/dir/44.994085%2C9.7827163/45.0300347%2C9.7138525/45.0588439%2C9.6945459/44.916505%2C9.5936689/44.613644%2C10.2612933"", ""Blocco 8 Parte 2"")",ultima azienda da visitare,
8,1,522928,Via Aldo Fochi  43013 Langhirano ( PR ),Chiastra & Pattera Costruzioni srl,0,1,"=HYPERLINK(""https://www.google.com/maps/dir/44.6162856%2C10.2627827/44.9212965%2C10.6504698/44.73987289999999%2C10.925054/44.4769329%2C11.2694066/44.5049614%2C11.3096751/44.5084224%2C11.2990218/44.5157674%2C11.3206699/44.499511%2C11.3385999/44.5748347%2C11.3656729/44.6031573%2C11.4179637"", ""Blocco 9 Parte 1"")",,
8,2,496776,Via Andrea Costa 4  42016 Guastalla ( RE ),Edilpiù di Vaccari Emerenzio & C Snc,0,1,"=HYPERLINK(""https://www.google.com/maps/dir/44.6162856%2C10.2627827/44.9212965%2C10.6504698/44.73987289999999%2C10.925054/44.4769329%2C11.2694066/44.5049614%2C11.3096751/44.5084224%2C11.2990218/44.5157674%2C11.3206699/44.499511%2C11.3385999/44.5748347%2C11.3656729/44.6031573%2C11.4179637"", ""Blocco 9 Parte 1"")",,
8,3,490467,Via Grandi 195  41019 Soliera ( MO ),ArCo Lavori s.coop.consortile; VF Costruzioni e Restauri srl,3881,1,"=HYPERLINK(""https://www.google.com/maps/dir/44.6162856%2C10.2627827/44.9212965%2C10.6504698/44.73987289999999%2C10.925054/44.4769329%2C11.2694066/44.5049614%2C11.3096751/44.5084224%2C11.2990218/44.5157674%2C11.3206699/44.499511%2C11.3385999/44.5748347%2C11.3656729/44.6031573%2C11.4179637"", ""Blocco 9 Parte 1"")",,
8,4,519052,Via Alessandro Manzoni  40012 Calderara di Reno ( BO ),Industrie Edili SpA,7660,1,"=HYPERLINK(""https://www.google.com/maps/dir/44.6162856%2C10.2627827/44.9212965%2C10.6504698/44.73987289999999%2C10.925054/44.4769329%2C11.2694066/44.5049614%2C11.3096751/44.5084224%2C11.2990218/44.5157674%2C11.3206699/44.499511%2C11.3385999/44.5748347%2C11.3656729/44.6031573%2C11.4179637"", ""Blocco 9 Parte 1"")",,
8,5,528704,via Emilia Ponente 56  40100 Bologna ( BO ),Tecnocem srl,9399,1,"=HYPERLINK(""https://www.google.com/maps/dir/44.6162856%2C10.2627827/44.9212965%2C10.6504698/44.73987289999999%2C10.925054/44.4769329%2C11.2694066/44.5049614%2C11.3096751/44.5084224%2C11.2990218/44.5157674%2C11.3206699/44.499511%2C11.3385999/44.5748347%2C11.3656729/44.6031573%2C11.4179637"", ""Blocco 9 Parte 1"")",,
8,6,274886,Via Ponente  40133 Bologna ( BO ),Impresa Percassi SpA,10860,1,"=HYPERLINK(""https://www.google.com/maps/dir/44.6162856%2C10.2627827/44.9212965%2C10.6504698/44.73987289999999%2C10.925054/44.4769329%2C11.2694066/44.5049614%2C11.3096751/44.5084224%2C11.2990218/44.5157674%2C11.3206699/44.499511%2C11.3385999/44.5748347%2C11.3656729/44.6031573%2C11.4179637"", ""Blocco 9 Parte 1"")",,
8,7,517610,via Terracini  40131 Bologna ( BO ),Gruppo Dipierri SpA,12382,1,"=HYPERLINK(""https://www.google.com/maps/dir/44.6162856%2C10.2627827/44.9212965%2C10.6504698/44.73987289999999%2C10.925054/44.4769329%2C11.2694066/44.5049614%2C11.3096751/44.5084224%2C11.2990218/44.5157674%2C11.3206699/44.499511%2C11.3385999/44.5748347%2C11.3656729/44.6031573%2C11.4179637"", ""Blocco 9 Parte 1"")",,
8,8,510689,Navile  40122 Bologna ( BO ),G&G srl,14005,1,"=HYPERLINK(""https://www.google.com/maps/dir/44.6162856%2C10.2627827/44.9212965%2C10.6504698/44.73987289999999%2C10.925054/44.4769329%2C11.2694066/44.5049614%2C11.3096751/44.5084224%2C11.2990218/44.5157674%2C11.3206699/44.499511%2C11.3385999/44.5748347%2C11.3656729/44.6031573%2C11.4179637"", ""Blocco 9 Parte 1"")",,
8,9,530220,Via Matteotti 12  40013 Castel Maggiore ( BO ),Cires Società Cooperativa,16380,1,"=HYPERLINK(""https://www.google.com/maps/dir/44.6162856%2C10.2627827/44.9212965%2C10.6504698/44.73987289999999%2C10.925054/44.4769329%2C11.2694066/44.5049614%2C11.3096751/44.5084224%2C11.2990218/44.5157674%2C11.3206699/44.499511%2C11.3385999/44.5748347%2C11.3656729/44.6031573%2C11.4179637"", ""Blocco 9 Parte 1"")",,
8,10,513949,Via S.Marina 35  40010 Bentivoglio ( BO ),Paolucci Costruzioni srl,18145,1,"=HYPERLINK(""https://www.google.com/maps/dir/44.6162856%2C10.2627827/44.9212965%2C10.6504698/44.73987289999999%2C10.925054/44.4769329%2C11.2694066/44.5049614%2C11.3096751/44.5084224%2C11.2990218/44.5157674%2C11.3206699/44.499511%2C11.3385999/44.5748347%2C11.3656729/44.6031573%2C11.4179637"", ""Blocco 9 Parte 1"")",,
8,11,506787,Via Alda Merini 2   40055 Castenaso ( BO ),Abitare Villanova srl,20320,2,"=HYPERLINK(""https://www.google.com/maps/dir/44.50906699999999%2C11.4689067/44.4985104%2C11.4246234/44.4711516%2C11.4096065/44.4755738%2C11.4118767"", ""Blocco 9 Parte 2"")",,
8,12,525391,Via Piave 1/2-1/3-1/4  40055 Castenaso ( BO ),Residenza Piave srl,21953,2,"=HYPERLINK(""https://www.google.com/maps/dir/44.50906699999999%2C11.4689067/44.4985104%2C11.4246234/44.4711516%2C11.4096065/44.4755738%2C11.4118767"", ""Blocco 9 Parte 2"")",,
8,13,536666,Via Emilia   40068 San Lazzaro di Savena ( BO ),Bononia Holding srl,23626,2,"=HYPERLINK(""https://www.google.com/maps/dir/44.50906699999999%2C11.4689067/44.4985104%2C11.4246234/44.4711516%2C11.4096065/44.4755738%2C11.4118767"", ""Blocco 9 Parte 2"")",,
8,14,517541,Via Speranza  40068 San Lazzaro di Savena ( BO ),Gruppo Dipierri SpA,24952,2,"=HYPERLINK(""https://www.google.com/maps/dir/44.50906699999999%2C11.4689067/44.4985104%2C11.4246234/44.4711516%2C11.4096065/44.4755738%2C11.4118767"", ""Blocco 9 Parte 2"")",ultima azienda da visitare,
9,1,530034,B.go San Gottardo 44  30026 Portogruaro ( VE ),Capogruppo ATI; Castellanimpianti srl,0,1,"=HYPERLINK(""https://www.google.com/maps/dir/45.7795907%2C12.8389052/45.8003307%2C12.7468054/45.9443805%2C12.4231724/46.1138677%2C12.0928919/45.973307%2C12.3114989/45.5617946%2C12.7946751/45.8983727%2C12.2924192/45.9010052%2C12.2856577/45.8848608%2C12.2963579/45.886057%2C12.2927579"", ""Blocco 1 Parte 1"")",,
9,2,526775,Via Comugne  30020 Pramaggiore ( VE ),Galli srl,1973,1,"=HYPERLINK(""https://www.google.com/maps/dir/45.7795907%2C12.8389052/45.8003307%2C12.7468054/45.9443805%2C12.4231724/46.1138677%2C12.0928919/45.973307%2C12.3114989/45.5617946%2C12.7946751/45.8983727%2C12.2924192/45.9010052%2C12.2856577/45.8848608%2C12.2963579/45.886057%2C12.2927579"", ""Blocco 1 Parte 1"")",,
9,3,524953,Via Cima da Conegliano  31016 Cordignano ( TV ),Impresa Edile Artigiana Fratelli Carlet,5231,1,"=HYPERLINK(""https://www.google.com/maps/dir/45.7795907%2C12.8389052/45.8003307%2C12.7468054/45.9443805%2C12.4231724/46.1138677%2C12.0928919/45.973307%2C12.3114989/45.5617946%2C12.7946751/45.8983727%2C12.2924192/45.9010052%2C12.2856577/45.8848608%2C12.2963579/45.886057%2C12.2927579"", ""Blocco 1 Parte 1"")",,
9,4,496253,Via Martiri delle Foibe  32036 Sedico ( BL ),Tena srl,9769,1,"=HYPERLINK(""https://www.google.com/maps/dir/45.7795907%2C12.8389052/45.8003307%2C12.7468054/45.9443805%2C12.4231724/46.1138677%2C12.0928919/45.973307%2C12.3114989/45.5617946%2C12.7946751/45.8983727%2C12.2924192/45.9010052%2C12.2856577/45.8848608%2C12.2963579/45.886057%2C12.2927579"", ""Blocco 1 Parte 1"")",,
9,5,186399,ex cartiera Galvani  31029 Vittorio Veneto ( TV ),Luma srl,13643,1,"=HYPERLINK(""https://www.google.com/maps/dir/45.7795907%2C12.8389052/45.8003307%2C12.7468054/45.9443805%2C12.4231724/46.1138677%2C12.0928919/45.973307%2C12.3114989/45.5617946%2C12.7946751/45.8983727%2C12.2924192/45.9010052%2C12.2856577/45.8848608%2C12.2963579/45.886057%2C12.2927579"", ""Blocco 1 Parte 1"")",,
9,6,335871,Via Selva Rosata 79  30021 Caorle ( VE ),Manelli Impresa Spa,13643,1,"=HYPERLINK(""https://www.google.com/maps/dir/45.7795907%2C12.8389052/45.8003307%2C12.7468054/45.9443805%2C12.4231724/46.1138677%2C12.0928919/45.973307%2C12.3114989/45.5617946%2C12.7946751/45.8983727%2C12.2924192/45.9010052%2C12.2856577/45.8848608%2C12.2963579/45.886057%2C12.2927579"", ""Blocco 1 Parte 1"")",,
9,7,533327,Via Immacolata di Lourdes  31015 Conegliano ( TV ),Tre srl,13643,1,"=HYPERLINK(""https://www.google.com/maps/dir/45.7795907%2C12.8389052/45.8003307%2C12.7468054/45.9443805%2C12.4231724/46.1138677%2C12.0928919/45.973307%2C12.3114989/45.5617946%2C12.7946751/45.8983727%2C12.2924192/45.9010052%2C12.2856577/45.8848608%2C12.2963579/45.886057%2C12.2927579"", ""Blocco 1 Parte 1"")",,
9,8,525893,Via Monte Civetta  31015 Conegliano ( TV ),Immobiliare Regina srl,14988,1,"=HYPERLINK(""https://www.google.com/maps/dir/45.7795907%2C12.8389052/45.8003307%2C12.7468054/45.9443805%2C12.4231724/46.1138677%2C12.0928919/45.973307%2C12.3114989/45.5617946%2C12.7946751/45.8983727%2C12.2924192/45.9010052%2C12.2856577/45.8848608%2C12.2963579/45.886057%2C12.2927579"", ""Blocco 1 Parte 1"")",,
9,9,528922,P.zza Calvi  31015 Conegliano ( TV ),Luma srl,16659,1,"=HYPERLINK(""https://www.google.com/maps/dir/45.7795907%2C12.8389052/45.8003307%2C12.7468054/45.9443805%2C12.4231724/46.1138677%2C12.0928919/45.973307%2C12.3114989/45.5617946%2C12.7946751/45.8983727%2C12.2924192/45.9010052%2C12.2856577/45.8848608%2C12.2963579/45.886057%2C12.2927579"", ""Blocco 1 Parte 1"")",,
9,10,529002,"Via Pietro Caronelli, 28  31015 Conegliano ( TV )",Lavoro srl,17928,1,"=HYPERLINK(""https://www.google.com/maps/dir/45.7795907%2C12.8389052/45.8003307%2C12.7468054/45.9443805%2C12.4231724/46.1138677%2C12.0928919/45.973307%2C12.3114989/45.5617946%2C12.7946751/45.8983727%2C12.2924192/45.9010052%2C12.2856577/45.8848608%2C12.2963579/45.886057%2C12.2927579"", ""Blocco 1 Parte 1"")",,
9,11,491589,Via Stadio 16  31015 Conegliano ( TV ),Golden Art srl,19382,2,"=HYPERLINK(""https://www.google.com/maps/dir/45.8814895%2C12.3047018/45.87343360000001%2C12.2836901/45.888254%2C12.2985116/45.9014921%2C12.1716702"", ""Blocco 1 Parte 2"")",,
9,12,521801,Via Cacciatori delle Alpi 16  31015 Conegliano ( TV ),Terna Costruzioni srl,20902,2,"=HYPERLINK(""https://www.google.com/maps/dir/45.8814895%2C12.3047018/45.87343360000001%2C12.2836901/45.888254%2C12.2985116/45.9014921%2C12.1716702"", ""Blocco 1 Parte 2"")",,
9,13,522887,Via Teatro Vecchio 17  31015 Conegliano ( TV ),Bodio H srl,22692,2,"=HYPERLINK(""https://www.google.com/maps/dir/45.8814895%2C12.3047018/45.87343360000001%2C12.2836901/45.888254%2C12.2985116/45.9014921%2C12.1716702"", ""Blocco 1 Parte 2"")",,
9,14,542206,Via Garibaldi  31053 Pieve di Soligo ( TV ),De Biasi Costruzioni snc,25158,2,"=HYPERLINK(""https://www.google.com/maps/dir/45.8814895%2C12.3047018/45.87343360000001%2C12.2836901/45.888254%2C12.2985116/45.9014921%2C12.1716702"", ""Blocco 1 Parte 2"")",ultima azienda da visitare,
10,1,464092,Via Montevecchio  47921 Rimini ( RN ),Venturelli Romolo Srl,0,1,"=HYPERLINK(""https://www.google.com/maps/dir/44.0053215%2C12.5549224/44.2680664%2C12.3553337/44.3079973%2C12.343463/44.3241064%2C12.3337811/44.4105409%2C12.2195399/44.4033523%2C12.1878969/44.4187463%2C12.205547/44.4445779%2C12.2891309/44.4445779%2C12.2891309/44.6783948%2C12.2299464"", ""Blocco 12 Parte 1"")",,
10,2,512649,Loc. Milano Marittima  48015 Cervia ( RA ),Gruppo Ritmo srl,3717,1,"=HYPERLINK(""https://www.google.com/maps/dir/44.0053215%2C12.5549224/44.2680664%2C12.3553337/44.3079973%2C12.343463/44.3241064%2C12.3337811/44.4105409%2C12.2195399/44.4033523%2C12.1878969/44.4187463%2C12.205547/44.4445779%2C12.2891309/44.4445779%2C12.2891309/44.6783948%2C12.2299464"", ""Blocco 12 Parte 1"")",,
10,3,536084,Via Lord Byron snc  48125 Ravenna ( RA ),Gruppo Ritmo srl,5450,1,"=HYPERLINK(""https://www.google.com/maps/dir/44.0053215%2C12.5549224/44.2680664%2C12.3553337/44.3079973%2C12.343463/44.3241064%2C12.3337811/44.4105409%2C12.2195399/44.4033523%2C12.1878969/44.4187463%2C12.205547/44.4445779%2C12.2891309/44.4445779%2C12.2891309/44.6783948%2C12.2299464"", ""Blocco 12 Parte 1"")",,
10,4,495495,V.le Amerigo Vespucci  48125 Ravenna ( RA ),Galileo srl,6825,1,"=HYPERLINK(""https://www.google.com/maps/dir/44.0053215%2C12.5549224/44.2680664%2C12.3553337/44.3079973%2C12.343463/44.3241064%2C12.3337811/44.4105409%2C12.2195399/44.4033523%2C12.1878969/44.4187463%2C12.205547/44.4445779%2C12.2891309/44.4445779%2C12.2891309/44.6783948%2C12.2299464"", ""Blocco 12 Parte 1"")",,
10,5,536086,Via Antica Milizia  48121 Ravenna ( RA ),Gruppo Ritmo srl + Gruppo Ritmo srl; assegnato,9260,1,"=HYPERLINK(""https://www.google.com/maps/dir/44.0053215%2C12.5549224/44.2680664%2C12.3553337/44.3079973%2C12.343463/44.3241064%2C12.3337811/44.4105409%2C12.2195399/44.4033523%2C12.1878969/44.4187463%2C12.205547/44.4445779%2C12.2891309/44.4445779%2C12.2891309/44.6783948%2C12.2299464"", ""Blocco 12 Parte 1"")",,
10,6,535928,Via Suzzi  48124 Ravenna ( RA ),CMCF Soc. Coop. Muratori Cementisti Faenza,10875,1,"=HYPERLINK(""https://www.google.com/maps/dir/44.0053215%2C12.5549224/44.2680664%2C12.3553337/44.3079973%2C12.343463/44.3241064%2C12.3337811/44.4105409%2C12.2195399/44.4033523%2C12.1878969/44.4187463%2C12.205547/44.4445779%2C12.2891309/44.4445779%2C12.2891309/44.6783948%2C12.2299464"", ""Blocco 12 Parte 1"")",,
10,7,409306,p.le Farini 21  48121 Ravenna ( RA ),CEAR Consorzio Edili Artigiani Ravenna Soc.; Safer srl; Stylcasa srl,12627,1,"=HYPERLINK(""https://www.google.com/maps/dir/44.0053215%2C12.5549224/44.2680664%2C12.3553337/44.3079973%2C12.343463/44.3241064%2C12.3337811/44.4105409%2C12.2195399/44.4033523%2C12.1878969/44.4187463%2C12.205547/44.4445779%2C12.2891309/44.4445779%2C12.2891309/44.6783948%2C12.2299464"", ""Blocco 12 Parte 1"")",,
10,8,537153,Via delle Americhe  48122 Ravenna ( RA ),Gruppo Ritmo srl,14632,1,"=HYPERLINK(""https://www.google.com/maps/dir/44.0053215%2C12.5549224/44.2680664%2C12.3553337/44.3079973%2C12.343463/44.3241064%2C12.3337811/44.4105409%2C12.2195399/44.4033523%2C12.1878969/44.4187463%2C12.205547/44.4445779%2C12.2891309/44.4445779%2C12.2891309/44.6783948%2C12.2299464"", ""Blocco 12 Parte 1"")",,
10,9,542609,V.le delle Americhe  48122 Ravenna ( RA ),Gruppo Ritmo srl,15832,1,"=HYPERLINK(""https://www.google.com/maps/dir/44.0053215%2C12.5549224/44.2680664%2C12.3553337/44.3079973%2C12.343463/44.3241064%2C12.3337811/44.4105409%2C12.2195399/44.4033523%2C12.1878969/44.4187463%2C12.205547/44.4445779%2C12.2891309/44.4445779%2C12.2891309/44.6783948%2C12.2299464"", ""Blocco 12 Parte 1"")",,
10,10,493748,Via Risorgimento  44022 Comacchio ( FE ),Alco Costruzioni srl,19267,1,"=HYPERLINK(""https://www.google.com/maps/dir/44.0053215%2C12.5549224/44.2680664%2C12.3553337/44.3079973%2C12.343463/44.3241064%2C12.3337811/44.4105409%2C12.2195399/44.4033523%2C12.1878969/44.4187463%2C12.205547/44.4445779%2C12.2891309/44.4445779%2C12.2891309/44.6783948%2C12.2299464"", ""Blocco 12 Parte 1"")",,
10,11,493747,Via Tine  44022 Comacchio ( FE ),Cires Società Cooperativa; Consorzio Integra Società Cooperativa; Seep Bo srl; assegnato,20764,2,"=HYPERLINK(""https://www.google.com/maps/dir/44.6859721%2C12.1940148/44.668213%2C12.2446034/44.7625854%2C12.1453606/44.8296325%2C12.1162043"", ""Blocco 12 Parte 2"")",,
10,12,516711,via Abeti 22  44022 Comacchio ( FE ),Albieri srl,22587,2,"=HYPERLINK(""https://www.google.com/maps/dir/44.6859721%2C12.1940148/44.668213%2C12.2446034/44.7625854%2C12.1453606/44.8296325%2C12.1162043"", ""Blocco 12 Parte 2"")",,
10,13,496932,Via Rodolfo Morandi 1  44023 Lagosanto ( FE ),P & C Costruzioni srl; Rico Costruzioni srl; integrato,25033,2,"=HYPERLINK(""https://www.google.com/maps/dir/44.6859721%2C12.1940148/44.668213%2C12.2446034/44.7625854%2C12.1453606/44.8296325%2C12.1162043"", ""Blocco 12 Parte 2"")",ultima azienda da visitare,
10,14,496384,Via Sacco e Vanzetti  44021 Codigoro ( FE ),Cires Società Cooperativa; Consorzio Integra Società Cooperativa; Seep Bo srl,27062,2,"=HYPERLINK(""https://www.google.com/maps/dir/44.6859721%2C12.1940148/44.668213%2C12.2446034/44.7625854%2C12.1453606/44.8296325%2C12.1162043"", ""Blocco 12 Parte 2"")",ultima azienda da visitare,
11,1,453271,Via Emilia  40064 Ozzano dell'Emilia ( BO ),Futura Costruzioni srl,0,1,"=HYPERLINK(""https://www.google.com/maps/dir/44.4437443%2C11.4788431/44.4409563%2C11.4674101/44.421295%2C11.520178/44.4774299%2C11.6384994/44.5325565%2C11.5369551/44.3496035%2C11.713451/44.3477959%2C11.7257528/44.3462132%2C11.6855878/44.1772213%2C12.0689615/44.2012531%2C12.0402867"", ""Blocco 10 Parte 1"")",,
11,2,526451,Via F.lli Cervi - Via Mattei  40064 Ozzano dell'Emilia ( BO ),Bononia Holding srl,1408,1,"=HYPERLINK(""https://www.google.com/maps/dir/44.4437443%2C11.4788431/44.4409563%2C11.4674101/44.421295%2C11.520178/44.4774299%2C11.6384994/44.5325565%2C11.5369551/44.3496035%2C11.713451/44.3477959%2C11.7257528/44.3462132%2C11.6855878/44.1772213%2C12.0689615/44.2012531%2C12.0402867"", ""Blocco 10 Parte 1"")",,
11,3,515182,Via Collodi 3  40024 Castel San Pietro Terme ( BO ),Romagnoli Costruzioni Edili srl,3251,1,"=HYPERLINK(""https://www.google.com/maps/dir/44.4437443%2C11.4788431/44.4409563%2C11.4674101/44.421295%2C11.520178/44.4774299%2C11.6384994/44.5325565%2C11.5369551/44.3496035%2C11.713451/44.3477959%2C11.7257528/44.3462132%2C11.6855878/44.1772213%2C12.0689615/44.2012531%2C12.0402867"", ""Blocco 10 Parte 1"")",,
11,4,537531,Via Marangoni  40059 Medicina ( BO ),Next Design Group srl,5461,1,"=HYPERLINK(""https://www.google.com/maps/dir/44.4437443%2C11.4788431/44.4409563%2C11.4674101/44.421295%2C11.520178/44.4774299%2C11.6384994/44.5325565%2C11.5369551/44.3496035%2C11.713451/44.3477959%2C11.7257528/44.3462132%2C11.6855878/44.1772213%2C12.0689615/44.2012531%2C12.0402867"", ""Blocco 10 Parte 1"")",,
11,5,532073,Via Orsoni  40054 Budrio ( BO ),Molinella Costruzioni srl,7521,1,"=HYPERLINK(""https://www.google.com/maps/dir/44.4437443%2C11.4788431/44.4409563%2C11.4674101/44.421295%2C11.520178/44.4774299%2C11.6384994/44.5325565%2C11.5369551/44.3496035%2C11.713451/44.3477959%2C11.7257528/44.3462132%2C11.6855878/44.1772213%2C12.0689615/44.2012531%2C12.0402867"", ""Blocco 10 Parte 1"")",,
11,6,522205,Via Ariosto snc  40026 Imola ( BO ),SOGEI srl,10779,1,"=HYPERLINK(""https://www.google.com/maps/dir/44.4437443%2C11.4788431/44.4409563%2C11.4674101/44.421295%2C11.520178/44.4774299%2C11.6384994/44.5325565%2C11.5369551/44.3496035%2C11.713451/44.3477959%2C11.7257528/44.3462132%2C11.6855878/44.1772213%2C12.0689615/44.2012531%2C12.0402867"", ""Blocco 10 Parte 1"")",,
11,7,522919,Via Pisacane  40026 Imola ( BO ),Decostile; In Casa RE srl; SX srl; TBR Costruzioni Generali,12168,1,"=HYPERLINK(""https://www.google.com/maps/dir/44.4437443%2C11.4788431/44.4409563%2C11.4674101/44.421295%2C11.520178/44.4774299%2C11.6384994/44.5325565%2C11.5369551/44.3496035%2C11.713451/44.3477959%2C11.7257528/44.3462132%2C11.6855878/44.1772213%2C12.0689615/44.2012531%2C12.0402867"", ""Blocco 10 Parte 1"")",,
11,8,491290,Via Puccini  40026 Imola ( BO ),Mucini Srl di Mucini Gianfranco,13848,1,"=HYPERLINK(""https://www.google.com/maps/dir/44.4437443%2C11.4788431/44.4409563%2C11.4674101/44.421295%2C11.520178/44.4774299%2C11.6384994/44.5325565%2C11.5369551/44.3496035%2C11.713451/44.3477959%2C11.7257528/44.3462132%2C11.6855878/44.1772213%2C12.0689615/44.2012531%2C12.0402867"", ""Blocco 10 Parte 1"")",,
11,9,481673,Via Brando Brandi  47121 Forlì ( FC ),Olivucci Enea Srl,17341,1,"=HYPERLINK(""https://www.google.com/maps/dir/44.4437443%2C11.4788431/44.4409563%2C11.4674101/44.421295%2C11.520178/44.4774299%2C11.6384994/44.5325565%2C11.5369551/44.3496035%2C11.713451/44.3477959%2C11.7257528/44.3462132%2C11.6855878/44.1772213%2C12.0689615/44.2012531%2C12.0402867"", ""Blocco 10 Parte 1"")",,
11,10,510751,Via Ca' Rossa  47121 Forlì ( FC ),Valbonetti Costruzioni srl,18903,1,"=HYPERLINK(""https://www.google.com/maps/dir/44.4437443%2C11.4788431/44.4409563%2C11.4674101/44.421295%2C11.520178/44.4774299%2C11.6384994/44.5325565%2C11.5369551/44.3496035%2C11.713451/44.3477959%2C11.7257528/44.3462132%2C11.6855878/44.1772213%2C12.0689615/44.2012531%2C12.0402867"", ""Blocco 10 Parte 1"")",,
11,11,505048,Via Autoparco  47122 Forlì ( FC ),CSC Costruzioni srl; Capogruppo ATI; Minicucci Cairo Srl,20670,2,"=HYPERLINK(""https://www.google.com/maps/dir/44.2323214%2C12.0342214/44.1910269%2C12.1290072/44.1092242%2C12.327577/44.1063682%2C12.3363412"", ""Blocco 10 Parte 2"")",,
11,12,522326,Via della Repubblica  47034 Forlimpopoli ( FC ),Gazzoni srl,22748,2,"=HYPERLINK(""https://www.google.com/maps/dir/44.2323214%2C12.0342214/44.1910269%2C12.1290072/44.1092242%2C12.327577/44.1063682%2C12.3363412"", ""Blocco 10 Parte 2"")",,
11,13,535601,via Loreto  47521 Cesena ( FC ),Impresa Edile Medri Renzo & C. snc,25266,2,"=HYPERLINK(""https://www.google.com/maps/dir/44.2323214%2C12.0342214/44.1910269%2C12.1290072/44.1092242%2C12.327577/44.1063682%2C12.3363412"", ""Blocco 10 Parte 2"")",ultima azienda da visitare,
11,14,515185,P.zza Togliatti  47035 Gambettola ( FC ),Impresa Edile Medri Renzo & C. snc,26641,2,"=HYPERLINK(""https://www.google.com/maps/dir/44.2323214%2C12.0342214/44.1910269%2C12.1290072/44.1092242%2C12.327577/44.1063682%2C12.3363412"", ""Blocco 10 Parte 2"")",ultima azienda da visitare,
12,1,510093,Via De Gasperi  35030 Rubano ( PD ),Tiemme Costruzioni Edili SpA,0,1,"=HYPERLINK(""https://www.google.com/maps/dir/45.4307244%2C11.7941166/45.4293679%2C11.8093934/45.4367638%2C11.764255/45.643529%2C11.7828906/45.6302226%2C11.759514/45.6041541%2C11.9924716/45.0748447%2C11.7850885/45.0736667%2C11.7989752/45.0740046%2C11.8920927/44.8222858%2C11.5990795"", ""Blocco 5 Parte 1"")",,
12,2,525291,"Via Cardinale Borromeo, 82  35030 Rubano ( PD )",Vega srl,1465,1,"=HYPERLINK(""https://www.google.com/maps/dir/45.4307244%2C11.7941166/45.4293679%2C11.8093934/45.4367638%2C11.764255/45.643529%2C11.7828906/45.6302226%2C11.759514/45.6041541%2C11.9924716/45.0748447%2C11.7850885/45.0736667%2C11.7989752/45.0740046%2C11.8920927/44.8222858%2C11.5990795"", ""Blocco 5 Parte 1"")",,
12,3,526737,Via Caduti di Nassyria snc  35035 Mestrino ( PD ),Costruzioni Zanta Silvano Srl,3213,1,"=HYPERLINK(""https://www.google.com/maps/dir/45.4307244%2C11.7941166/45.4293679%2C11.8093934/45.4367638%2C11.764255/45.643529%2C11.7828906/45.6302226%2C11.759514/45.6041541%2C11.9924716/45.0748447%2C11.7850885/45.0736667%2C11.7989752/45.0740046%2C11.8920927/44.8222858%2C11.5990795"", ""Blocco 5 Parte 1"")",,
12,4,407299,via Verdi  35013 Cittadella ( PD ),Tiemme Costruzioni Edili SpA,6566,1,"=HYPERLINK(""https://www.google.com/maps/dir/45.4307244%2C11.7941166/45.4293679%2C11.8093934/45.4367638%2C11.764255/45.643529%2C11.7828906/45.6302226%2C11.759514/45.6041541%2C11.9924716/45.0748447%2C11.7850885/45.0736667%2C11.7989752/45.0740046%2C11.8920927/44.8222858%2C11.5990795"", ""Blocco 5 Parte 1"")",,
12,5,523550,Via Da Vinci  35014 Fontaniva ( PD ),Tiemme Costruzioni Edili SpA,8122,1,"=HYPERLINK(""https://www.google.com/maps/dir/45.4307244%2C11.7941166/45.4293679%2C11.8093934/45.4367638%2C11.764255/45.643529%2C11.7828906/45.6302226%2C11.759514/45.6041541%2C11.9924716/45.0748447%2C11.7850885/45.0736667%2C11.7989752/45.0740046%2C11.8920927/44.8222858%2C11.5990795"", ""Blocco 5 Parte 1"")",,
12,6,525343,Via Draganziolo  35017 Piombino Dese ( PD ),Impresa Edile Tosatto Mauro,10913,1,"=HYPERLINK(""https://www.google.com/maps/dir/45.4307244%2C11.7941166/45.4293679%2C11.8093934/45.4367638%2C11.764255/45.643529%2C11.7828906/45.6302226%2C11.759514/45.6041541%2C11.9924716/45.0748447%2C11.7850885/45.0736667%2C11.7989752/45.0740046%2C11.8920927/44.8222858%2C11.5990795"", ""Blocco 5 Parte 1"")",,
12,7,503994,Via W. Ferrari 30  45100 Rovigo ( RO ),Milan Luigi srl,15511,1,"=HYPERLINK(""https://www.google.com/maps/dir/45.4307244%2C11.7941166/45.4293679%2C11.8093934/45.4367638%2C11.764255/45.643529%2C11.7828906/45.6302226%2C11.759514/45.6041541%2C11.9924716/45.0748447%2C11.7850885/45.0736667%2C11.7989752/45.0740046%2C11.8920927/44.8222858%2C11.5990795"", ""Blocco 5 Parte 1"")",,
12,8,519033,Via Oroboni  45100 Rovigo ( RO ),Consorzio Innova Società Cooperativa,16876,1,"=HYPERLINK(""https://www.google.com/maps/dir/45.4307244%2C11.7941166/45.4293679%2C11.8093934/45.4367638%2C11.764255/45.643529%2C11.7828906/45.6302226%2C11.759514/45.6041541%2C11.9924716/45.0748447%2C11.7850885/45.0736667%2C11.7989752/45.0740046%2C11.8920927/44.8222858%2C11.5990795"", ""Blocco 5 Parte 1"")",,
12,9,500059,Via della Pace  45010 Villadose ( RO ),Edilcos Costruzioni srl,18706,1,"=HYPERLINK(""https://www.google.com/maps/dir/45.4307244%2C11.7941166/45.4293679%2C11.8093934/45.4367638%2C11.764255/45.643529%2C11.7828906/45.6302226%2C11.759514/45.6041541%2C11.9924716/45.0748447%2C11.7850885/45.0736667%2C11.7989752/45.0740046%2C11.8920927/44.8222858%2C11.5990795"", ""Blocco 5 Parte 1"")",,
12,10,510855,Via Verga 62  44124 Ferrara ( FE ),Rico Costruzioni srl; integrato; integrato aggiudicato all'impresa segnalata che ha indicato i,22473,1,"=HYPERLINK(""https://www.google.com/maps/dir/45.4307244%2C11.7941166/45.4293679%2C11.8093934/45.4367638%2C11.764255/45.643529%2C11.7828906/45.6302226%2C11.759514/45.6041541%2C11.9924716/45.0748447%2C11.7850885/45.0736667%2C11.7989752/45.0740046%2C11.8920927/44.8222858%2C11.5990795"", ""Blocco 5 Parte 1"")",,
12,11,515418,Via Spadari  44121 Ferrara ( FE ),Costruzioni Borelli,24199,2,"=HYPERLINK(""https://www.google.com/maps/dir/44.8384874%2C11.6170539/44.76243849999999%2C11.4895676"", ""Blocco 5 Parte 2"")",ultima azienda da visitare,
12,12,497722,Via Nenni 41  44028 Poggio Renatico ( FE ),Medil srl Costruzioni Generali; integrato,26694,2,"=HYPERLINK(""https://www.google.com/maps/dir/44.8384874%2C11.6170539/44.76243849999999%2C11.4895676"", ""Blocco 5 Parte 2"")",ultima azienda da visitare,
13,1,496942,Via Lorenzini 1  44020 Ostellato ( FE ),Medil srl Costruzioni Generali,0,1,"=HYPERLINK(""https://www.google.com/maps/dir/44.7652349%2C11.8729277/44.6994501%2C11.8062143/44.6107088%2C11.8420214/44.4484287%2C11.1893038/44.3634498%2C11.216306/44.29088600000001%2C11.1155982/44.22773919999999%2C11.0577405/44.157584%2C10.9793094/44.2785198%2C11.2734551/44.356627%2C10.5078975"", ""Blocco 13 Parte 1"")",,
13,2,496946,Via Roma 39  44015 Portomaggiore ( FE ),Alco Costruzioni srl,2001,1,"=HYPERLINK(""https://www.google.com/maps/dir/44.7652349%2C11.8729277/44.6994501%2C11.8062143/44.6107088%2C11.8420214/44.4484287%2C11.1893038/44.3634498%2C11.216306/44.29088600000001%2C11.1155982/44.22773919999999%2C11.0577405/44.157584%2C10.9793094/44.2785198%2C11.2734551/44.356627%2C10.5078975"", ""Blocco 13 Parte 1"")",,
13,3,496560,Via Tisi 4  44011 Argenta ( FE ),Cires Società Cooperativa; Consorzio Integra Società Cooperativa; Seep Bo srl,4123,1,"=HYPERLINK(""https://www.google.com/maps/dir/44.7652349%2C11.8729277/44.6994501%2C11.8062143/44.6107088%2C11.8420214/44.4484287%2C11.1893038/44.3634498%2C11.216306/44.29088600000001%2C11.1155982/44.22773919999999%2C11.0577405/44.157584%2C10.9793094/44.2785198%2C11.2734551/44.356627%2C10.5078975"", ""Blocco 13 Parte 1"")",,
13,4,479028,Via P. Togliatti  40050 Monte San Pietro ( BO ),Ter Costruzioni srl,4123,1,"=HYPERLINK(""https://www.google.com/maps/dir/44.7652349%2C11.8729277/44.6994501%2C11.8062143/44.6107088%2C11.8420214/44.4484287%2C11.1893038/44.3634498%2C11.216306/44.29088600000001%2C11.1155982/44.22773919999999%2C11.0577405/44.157584%2C10.9793094/44.2785198%2C11.2734551/44.356627%2C10.5078975"", ""Blocco 13 Parte 1"")",,
13,5,495412,Via Lama di Reno 30  40043 Marzabotto ( BO ),Balestri Srl; Effe-Gi Impianti Srl,6873,1,"=HYPERLINK(""https://www.google.com/maps/dir/44.7652349%2C11.8729277/44.6994501%2C11.8062143/44.6107088%2C11.8420214/44.4484287%2C11.1893038/44.3634498%2C11.216306/44.29088600000001%2C11.1155982/44.22773919999999%2C11.0577405/44.157584%2C10.9793094/44.2785198%2C11.2734551/44.356627%2C10.5078975"", ""Blocco 13 Parte 1"")",,
13,6,518963,Via Nazionale 86  40038 Vergato ( BO ),IOLA Costruzioni srl,9150,1,"=HYPERLINK(""https://www.google.com/maps/dir/44.7652349%2C11.8729277/44.6994501%2C11.8062143/44.6107088%2C11.8420214/44.4484287%2C11.1893038/44.3634498%2C11.216306/44.29088600000001%2C11.1155982/44.22773919999999%2C11.0577405/44.157584%2C10.9793094/44.2785198%2C11.2734551/44.356627%2C10.5078975"", ""Blocco 13 Parte 1"")",,
13,7,519182,Loc. Ponte Palagio  40030 Grizzana Morandi ( BO ),Balestri Srl; Bernardi Sergio Srl; Capogruppo ATI; Tovoli Primo Srl,11031,1,"=HYPERLINK(""https://www.google.com/maps/dir/44.7652349%2C11.8729277/44.6994501%2C11.8062143/44.6107088%2C11.8420214/44.4484287%2C11.1893038/44.3634498%2C11.216306/44.29088600000001%2C11.1155982/44.22773919999999%2C11.0577405/44.157584%2C10.9793094/44.2785198%2C11.2734551/44.356627%2C10.5078975"", ""Blocco 13 Parte 1"")",,
13,8,524431,Via Fornaci 12  40030 Castel di Casio ( BO ),Balestri Srl,12930,1,"=HYPERLINK(""https://www.google.com/maps/dir/44.7652349%2C11.8729277/44.6994501%2C11.8062143/44.6107088%2C11.8420214/44.4484287%2C11.1893038/44.3634498%2C11.216306/44.29088600000001%2C11.1155982/44.22773919999999%2C11.0577405/44.157584%2C10.9793094/44.2785198%2C11.2734551/44.356627%2C10.5078975"", ""Blocco 13 Parte 1"")",,
13,9,526592,Via Alpini d'Italia  40036 Monzuno ( BO ),Ingegneria & Costruzioni srl; assegnato,17217,1,"=HYPERLINK(""https://www.google.com/maps/dir/44.7652349%2C11.8729277/44.6994501%2C11.8062143/44.6107088%2C11.8420214/44.4484287%2C11.1893038/44.3634498%2C11.216306/44.29088600000001%2C11.1155982/44.22773919999999%2C11.0577405/44.157584%2C10.9793094/44.2785198%2C11.2734551/44.356627%2C10.5078975"", ""Blocco 13 Parte 1"")",,
13,10,489750,Loc. Quara  42010 Toano ( RE ),Tazzioli e Magnani srl,17217,1,"=HYPERLINK(""https://www.google.com/maps/dir/44.7652349%2C11.8729277/44.6994501%2C11.8062143/44.6107088%2C11.8420214/44.4484287%2C11.1893038/44.3634498%2C11.216306/44.29088600000001%2C11.1155982/44.22773919999999%2C11.0577405/44.157584%2C10.9793094/44.2785198%2C11.2734551/44.356627%2C10.5078975"", ""Blocco 13 Parte 1"")",,
13,11,463961,Via del Municipio 2  47028 Verghereto ( FC ),Baglioni srl,17217,2,"=HYPERLINK(""https://www.google.com/maps/dir/43.79529%2C12.00567/43.777489%2C12.0911565"", ""Blocco 13 Parte 2"")",,
13,12,520141,Loc. Balze  47028 Verghereto ( FC ),Edil Balze Srl; Lucos srl,19532,2,"=HYPERLINK(""https://www.google.com/maps/dir/43.79529%2C12.00567/43.777489%2C12.0911565"", ""Blocco 13 Parte 2"")",ultima azienda da visitare,
